#,Company,Brand,Parent_or_Independent,Website,Functionality,Geography,Is_Relevant,Summary
=== Component Suppliers (16) ===
1,Amperex Technology Limited,ATL,Independent,https://atl-battery.com,Supplies lithium-ion polymer batteries to smartphone makers,global,yes,Amperex Technology Limited (ATL) manufactures lithium-ion polymer batteries. It supplies batteries to major smartphone brands like Apple and Samsung. The company focuses on battery technology for mobile devices.
2,Arrow Electronics,Arrow Electronics,,https://arrow.com,Distributes electronic components for smartphone manufacturing,global,yes,Arrow Electronics is a global distributor of electronic components and enterprise computing solutions. It supplies components that may be used in smartphone manufacturing. The company operates a vast logistics network to deliver these parts to manufacturers. Arrow's role is to bridge component suppliers and smartphone OEMs.
3,"BOE Technology Group Co., Ltd.",BOE,Independent,https://boe.com,Supplies OLED and LCD display panels for smartphones,global,yes,"BOE Technology Group is a global supplier of display panels, including OLED and LCD screens. It provides high-resolution and flexible display solutions to major smartphone brands. The company is a key player in the display component market."
4,Cnoems,Cnoems,Subsidiary of ELEPHONE group,cnoems.com,Supplies custom electronic components for smartphones,global,yes,Cnoems manufactures custom electronic components and assemblies for smartphone OEMs and ODMs.
5,Huayinnlcd,Huayinnlcd,Independent,huayinnlcd.com,Supplies LCD displays and touchscreen modules,global,yes,Huayinnlcd manufactures LCD displays and touchscreen modules for smartphones. It supplies components to device manufacturers and repair markets. The company focuses on display technology for mobile devices.
6,Ietcharger,IETGZ,Independent,ietcharger.com,Manufactures chargers and power adapters for smartphones,global,yes,Ietcharger manufactures chargers and power adapters for smartphones and other mobile devices. It supplies these components to smartphone brands or aftermarket channels.
7,Keyuda,Keyuda,Independent,keyuda.panelook.com,Supplies LCD panels for smartphone displays,global,yes,Keyuda supplies LCD panels and display modules used in smartphones and other mobile devices.
8,Kingtechlcd,Kingtech,Independent,kingtechlcd.com,Provides display modules to OEMs and ODMs,global,yes,Kingtechlcd manufactures LCD and OLED display modules for smartphones and other electronic devices. It serves OEMs and ODMs in the mobile industry. The company provides display solutions for smartphone production.
9,Kyocera AVX,KYOCERA AVX,Subsidiary of Kyocera,kyocera-avx.com,Supplies passive components and interconnects,global,yes,Kyocera AVX supplies passive electronic components and interconnect solutions used in smartphones and other mobile devices. It provides essential parts for device assembly.
10,Largan Precision,Largan Precision,Independent,https://www.largan.com.tw,Supplies camera lens modules and optical components,global,yes,Largan Precision is a leading manufacturer of camera lens modules and optical components for smartphones. It supplies these components to major smartphone brands globally. The company focuses on high-precision optics.
11,LG Innotek,LG Innotek,Subsidiary of LG Corporation,https://www.lginnotek.com,Manufactures camera modules and electronic components,global,yes,LG Innotek manufactures advanced camera modules and electronic components for smartphones. It supplies these components to major smartphone brands globally. The company specializes in imaging and sensing technologies.
12,"Micron Technology, Inc.",Micron,Independent,micron.com,Supplies memory and storage solutions,global,yes,"Micron manufactures memory and storage solutions, including DRAM and NAND flash, used in smartphones and other mobile devices. It supplies components to smartphone OEMs and ODMs."
13,Qualcomm,Qualcomm,Independent,https://qualcomm.com,Supplies chipsets and modems for smartphones,global,yes,"Qualcomm designs and supplies chipsets, modems, and wireless technology for smartphones and other mobile devices. It licenses its intellectual property to device manufacturers globally."
14,Samsung Display,Samsung Display,Subsidiary of Samsung Electronics,samsungdisplay.com,Supplies OLED and LCD display panels for smartphones,global,yes,"Samsung Display manufactures advanced display panels, including OLED and LCD screens, for smartphone brands and other device makers globally. It is a major supplier of display technology. The company provides high-quality screens for mobile devices."
15,SK Hynix,SK Hynix,Subsidiary of SK Group,skhynix.com,Supplies DRAM and NAND flash memory chips,global,yes,"SK Hynix is a semiconductor supplier that manufactures memory chips, including DRAM and NAND flash, used in smartphones. It serves smartphone OEMs and other electronics manufacturers. The company is a key memory component provider."
16,Sony Semiconductor Solutions Corporation,Sony Semiconductor Solutions,Subsidiary of Sony Group Corporation,https://sony-semicon.com,Supplies image sensors and camera modules,global,yes,Sony Semiconductor Solutions designs and manufactures image sensors and camera modules used in smartphones. It is a leading supplier to major smartphone brands globally. The company specializes in imaging technology.

=== Original Design Manufacturers (ODMs) and Electronics Manufacturing Services (EMS) (4) ===
1,"Hon Hai Precision Industry Co., Ltd.",Foxconn,Independent,https://foxconn.com,Assembles smartphones for major brands,global,yes,"Foxconn is the world's largest electronics manufacturer, assembling smartphones and other devices for major brands like Apple, Samsung, and Xiaomi. It provides end-to-end design, manufacturing, and logistics services."
2,Pegatron Corporation,Pegatron,Independent,https://www.pegatroncorp.com,Designs and manufactures smartphones for brands,global,yes,"Pegatron is a major ODM/EMS provider that designs and manufactures smartphones for leading brands, handling assembly, testing, and supply chain logistics."
3,Wingtech Group,Wingtech Group,Independent,https://www.wingtech.com,Designs and manufactures smartphones for brands,global,yes,Wingtech Group is a leading ODM/EMS provider that designs and manufactures smartphones and other electronic devices for global brands. It offers end-to-end services from product design to mass production and logistics.
4,Wistron Corporation,Wistron,Independent,https://www.wistron.com,Designs and manufactures smartphones for brands,global,yes,Wistron is a Taiwan-based ODM/EMS provider that designs and manufactures smartphones for major brands. It offers end-to-end services from product design to assembly and logistics.

=== Smartphone Brands (OEMs) (10) ===
1,Agmmobile,Agmmobile,,https://agmmobile.com,Designs and sells rugged smartphones for outdoor use,global,yes,AGM Mobile specializes in rugged smartphones designed for outdoor and industrial environments. The company produces devices with enhanced durability features such as water resistance and shockproofing. AGM Mobile markets its products to users requiring robust devices.
2,Apple Inc.,Apple,Independent,apple.com,Designs and markets iPhone under its own brand,global,yes,"Apple designs and sells the iPhone, a leading smartphone, along with its iOS ecosystem and services. It is a major OEM in the global smartphone market."
3,Blackview,Blackview,Independent,blackview.hk,Manufactures rugged smartphones for niche markets,global,yes,Blackview designs and manufactures rugged smartphones built to withstand harsh environments. It targets outdoor enthusiasts and industrial workers with durable devices.
4,Fairphone,Fairphone,Independent,fairphone.com,"Designs and sells modular, ethical smartphones",global,yes,"Fairphone designs and sells modular smartphones with a focus on repairability, ethical sourcing, and sustainability. It targets consumers seeking an alternative to mainstream devices."
5,"Huawei Technologies Co., Ltd.",Huawei,Independent,consumer.huawei.com,Designs and sells smartphones under own brand,global,yes,"Huawei designs and sells smartphones under its own brand, competing in the global smartphone market with a focus on premium devices and ecosystem integration."
6,Lavamobiles,Lava,Independent,lavamobiles.com,Designs and sells affordable smartphones in India,global,yes,Lava International is an Indian smartphone manufacturer that designs and sells affordable mobile phones and tablets primarily in India and emerging markets.
7,Motorola Mobility LLC,Motorola,Acquired by Lenovo,motorola.in,Designs and sells smartphones under own brand,global,yes,"Motorola designs and sells smartphones under its own brand, offering a range of devices from budget to premium, including foldable models. It operates as a subsidiary of Lenovo and competes in the global smartphone market."
8,Tecno Mobile,Tecno Mobile,Independent,tecno-mobile.com,Sells affordable smartphones in emerging markets,global,yes,"Tecno Mobile is a smartphone brand focused on emerging markets, offering affordable devices with features tailored to local needs."
9,Vivo,Vivo,Independent,vivo.com,Designs and sells smartphones globally,global,yes,"Vivo is a Chinese smartphone manufacturer that designs, develops, and sells mobile phones globally. It focuses on camera technology and design for consumer markets."
10,Xiaomi Inc.,Xiaomi,Independent,mi.com,Designs and sells smartphones under its own brand,global,yes,"Xiaomi designs, manufactures, and sells smartphones and a wide range of consumer electronics. It is one of the world's largest smartphone brands, competing primarily in the mid-range and premium segments."

=== Mobile Network Operators (MNOs) and Carriers (5) ===
1,Claro,Claro,Subsidiary of América Móvil,claro.com,Sells smartphones with network plans and subsidies,global,yes,"Claro is a mobile network operator that sells smartphones to consumers through contract and prepaid plans, providing network connectivity and device subsidies."
2,Grameenphone,Grameenphone,Independent,grameenphone.com,Sells smartphones bundled with network plans,global,yes,"Grameenphone is a leading mobile network operator in Bangladesh that sells smartphones to consumers through contract and prepaid plans, leveraging its network connectivity and device subsidies."
3,MTN Group,MTN,Subsidiary of MTN Group,fibre.mtn.co.za,Sells smartphones via carrier plans and subsidies,global,yes,"MTN Group is a mobile telecommunications company operating in multiple African and Middle Eastern markets. It provides cellular network services including voice, data, and digital solutions. MTN sells smartphones to consumers through contract and prepaid plans, often bundling devices with service subscriptions. The company also offers device financing options to make smartphones more accessible."
4,Rain,rain,Independent,rain.co.za,Sells smartphones bundled with service contracts,global,yes,Rain is a South African mobile network operator offering data-only and smartphone plans to consumers. It provides network connectivity and sells smartphones bundled with service contracts.
5,Verizon Communications,Verizon,Independent,verizon.com,Sells smartphones bundled with network plans,global,yes,"Verizon is a mobile network operator that sells smartphones to consumers through contracts and prepaid plans, bundling devices with network services."

=== Retailers and E-commerce Platforms (2) ===
1,Cellularsales,Cellularsales,,https://cellularsales.com,Retails smartphones and activates carrier plans,global,yes,"Cellular Sales is a retailer of wireless devices and service plans. It operates as an authorized dealer for major carriers, selling smartphones and activating service contracts. In the smartphones market, Cellular Sales provides retail sales and carrier plan activation."
2,Daraz,Daraz,Independent,daraz.pk,Sells smartphones online in South Asia,global,yes,"Daraz is an e-commerce platform that sells smartphones and accessories to consumers in South Asia, primarily in Pakistan, Bangladesh, Sri Lanka, Nepal, and Myanmar. The company operates online marketplaces connecting buyers and sellers. In the smartphones market, Daraz facilitates direct-to-consumer sales of devices."

=== Aftermarket Services and Accessories (11) ===
1,Aikusu,Aikusu,Independent,aikusu.com,Distributes smartphone accessories to retailers and consumers,global,yes,"Aikusu distributes a range of smartphone accessories including cases, screen protectors, and charging accessories to retailers and consumers. It operates as a distributor in the smartphone accessories market."
2,Anker Innovations Limited,Anker,Independent,anker.com,Designs and sells smartphone accessories,global,yes,"Anker designs and sells smartphone accessories including chargers, power banks, cables, and audio devices. It serves consumers globally with aftermarket products."
3,Beats Electronics LLC,Beats by Dre,Acquired by Apple,beatsbydre.com,Supplies audio accessories for smartphones,global,yes,"Beats by Dre designs and manufactures premium audio equipment including headphones, earphones, and portable speakers, primarily serving the consumer electronics market as an accessory brand for smartphones and other devices."
4,Belkin International,Belkin,Acquired by Foxconn,belkin.com,Supplies smartphone accessories like chargers and cases,global,yes,"Belkin International designs and manufactures accessories for smartphones, including charging solutions, cables, screen protectors, and cases. The company sells its products globally through retailers and online platforms. In the smartphones market, Belkin provides essential accessories that enhance device functionality and protection."
5,Bytecable,Bytecable,,https://bytecable.com,Manufactures charging cables and accessories for smartphones,global,yes,Bytecable specializes in manufacturing cables and charging accessories for electronic devices. Their products are used to charge and sync smartphones. The company focuses on connectivity solutions.
6,Cellpex,Cellpex,Independent,cellpex.com,"Distributes new, used, and refurbished smartphones and accessories",global,yes,"Cellpex operates a B2B wholesale marketplace for new, used, and refurbished smartphones and accessories. It connects buyers and sellers globally, facilitating trade in aftermarket devices. The platform serves as a distribution channel for refurbished phones and accessories."
7,Dwin,Dwin,Independent,dwin-global.com,Manufactures chargers and cables for smartphones,global,yes,"Dwin manufactures smartphone chargers, cables, and power accessories for mobile device users globally."
8,Edifier,Edifier,,https://edifier.com,Produces audio accessories like speakers and headphones for smartphones,global,yes,Edifier manufactures audio equipment including speakers and headphones. These products are used as accessories for smartphones and other devices. The company focuses on audio quality and design.
9,"Harman International Industries, Inc.","Harman International Industries, Inc.",,https://jbl.com,Produces audio accessories like headphones and speakers for smartphones,global,yes,"Harman International Industries, known for JBL, produces audio equipment including headphones and speakers. These products are commonly used as smartphone accessories. The company serves the consumer electronics market."
10,Mobilenzo,Mobilenzo,Independent,mobilenzo.com,Distributes smartphone accessories and replacement parts,global,yes,"Mobilenzo distributes a wide range of smartphone accessories and replacement parts to repair shops and retailers globally. The company supplies components such as screens, batteries, and charging ports. In the smartphones market, Mobilenzo serves as a distributor for aftermarket parts."
11,Mous,Mous,,https://mous.co,Manufactures protective smartphone cases and accessories,global,yes,"Mous produces protective cases for smartphones, focusing on impact-resistant designs. The brand also offers other accessories. Its products are sold as aftermarket items for device protection."

=== Multi-Segment Players (3) ===
1,Boutique,Boutique,,https://boutique.orange.fr,Sells smartphones and accessories through retail stores,global,yes,Orange is a telecommunications operator offering mobile and internet services in multiple countries. Its boutique retail stores sell smartphones and related accessories directly to consumers. Orange provides network connectivity and often offers devices through contract plans or prepaid options.
2,Samsung Electronics,Samsung,Independent,https://samsung.com,Manufactures Galaxy smartphones and key components,global,yes,"Samsung Electronics is a global leader in smartphone manufacturing, producing a wide range of Galaxy devices from flagship foldables to budget-friendly models. The company also develops key components like displays and chipsets for its own devices and other manufacturers."
3,Vertu,Vertu,Independent,vertu.com,Manufactures luxury smartphones with premium materials and concierge service,global,yes,"Vertu manufactures luxury smartphones using premium materials like titanium, sapphire crystal, and leather. The company targets high-net-worth individuals and offers a 24/7 concierge service. Its phones are sold as high-end devices with aftermarket services."
